Year-End Class Summary Report,,,,,,,,,,,,,,,,,,,,,,,,,,,,,,,,,,,,,,,,,,,,,,,,,,,,,,,,,,,,,,
Class,Grade 3S - Year Based Grading Model,,,,,,,,,,,,,,,,,,,,,,,,,,,,,,,,,,,,,,,,,,,,,,,,,,,,,,,,,,,,,
Academic Year,January - December 2026,,,,,,,,,,,,,,,,,,,,,,,,,,,,,,,,,,,,,,,,,,,,,,,,,,,,,,,,,,,,,
Year Coursework Weight,40%,,,,,,,,,,,,,,,,,,,,,,,,,,,,,,,,,,,,,,,,,,,,,,,,,,,,,,,,,,,,,
Year Exam Weight,60%,,,,,,,,,,,,,,,,,,,,,,,,,,,,,,,,,,,,,,,,,,,,,,,,,,,,,,,,,,,,,
Total Students,5,,,,,,,,,,,,,,,,,,,,,,,,,,,,,,,,,,,,,,,,,,,,,,,,,,,,,,,,,,,,,
Class Average,74.96,,,,,,,,,,,,,,,,,,,,,,,,,,,,,,,,,,,,,,,,,,,,,,,,,,,,,,,,,,,,,
,,,,,,,,,,,,,,,,,,,,,,,,,,,,,,,,,,,,,,,,,,,,,,,,,,,,,,,,,,,,,,
Student Year Grades,,,,,,,,,,,,,,,,,,,,,,,,,,,,,,,,,,,,,,,,,,,,,,,,,,,,,,,,,,,,,,
,,Health and Family Life Education,,,,,Spelling,,,,,Reading,,,,,Reading Comprehension,,,,,Mathematics,,,,,General Knowledge,,,,,Grammar,,,,,Language Arts,,,,,General Science,,,,,Social Studies,,,,,Agricultural Science,,,,,Home Economics,,,,,
Position,Student,M,H,T,E,Year,M,H,T,E,Year,M,H,T,E,Year,M,H,T,E,Year,M,H,T,E,Year,M,H,T,E,Year,M,H,T,E,Year,M,H,T,E,Year,M,H,T,E,Year,M,H,T,E,Year,M,H,T,E,Year,M,H,T,E,Year,Year Average
1,Michael Brown,66.2,57.5,82.5,53.6,59.7,76.8,68.3,52.9,75.4,71.6,51.9,71.7,53.5,54.5,56.3,71.2,91.3,56.2,61.2,65.9,81.4,97.4,78.9,69.8,76.2,98.8,52.3,92.9,64.5,71.2,57.2,55.9,65.4,90.8,78.3,59.0,79.1,81.9,68.6,70.5,77.4,53.1,53.0,60.3,60.6,84.0,71.4,65.7,79.3,77.1,72.7,65.0,89.7,84.9,81.3,62.2,78.7,76.3,93.8,85.2,71.16
2,Emily Davis,86.5,64.4,99.0,55.9,66.9,70.9,87.9,57.6,74.4,73.5,52.0,83.4,88.2,78.7,77.0,93.8,65.7,84.8,79.7,80.4,79.0,72.8,92.0,97.2,90.8,73.7,83.2,53.0,85.1,79.0,82.4,99.7,91.1,64.2,74.9,69.3,83.4,51.1,73.1,71.0,58.4,55.9,52.9,88.4,75.3,56.5,62.4,69.5,93.6,81.3,54.0,72.5,77.5,94.2,83.7,91.0,93.2,63.9,70.8,75.6,77.45
3,Robert Johnson,67.9,94.2,97.9,57.5,69.2,58.8,61.6,61.7,74.2,68.8,79.5,63.1,50.2,70.9,68.2,68.5,78.3,97.7,84.5,83.3,75.8,80.9,83.8,52.7,63.7,95.0,89.0,93.7,89.9,91.0,69.6,69.9,55.2,81.7,75.0,53.1,53.4,60.4,58.1,57.1,67.0,52.6,50.0,57.6,57.2,55.1,68.2,51.3,93.7,79.5,80.7,57.4,62.6,67.4,67.2,68.2,56.1,92.4,99.7,88.7,72.41
4,Olivia Martinez,73.3,74.2,54.3,55.1,60.0,67.1,63.2,91.4,58.1,64.4,51.2,97.5,76.4,57.3,64.4,77.2,51.4,76.4,98.9,86.7,93.2,84.8,63.1,68.3,73.1,58.4,88.6,76.6,89.0,83.2,66.5,61.2,90.6,99.2,88.6,92.6,90.3,90.9,87.0,88.7,61.3,75.9,67.8,51.4,58.2,51.4,64.0,63.0,84.6,74.5,97.8,72.4,96.9,99.4,95.3,97.8,68.2,61.0,61.3,67.0,75.34
5,Daniel Lee,59.8,60.2,81.2,95.0,83.8,92.0,74.0,82.6,90.0,87.1,54.2,83.0,95.5,89.1,84.5,87.5,73.9,58.9,89.5,83.1,66.6,90.0,98.6,69.8,75.9,70.1,97.3,86.2,58.5,68.9,56.4,57.6,95.2,90.3,82.1,57.3,91.3,99.0,82.9,82.8,67.5,77.4,56.5,50.7,57.3,98.5,82.5,76.3,96.7,92.3,71.7,93.6,91.3,60.6,70.6,62.6,64.6,62.0,79.3,72.8,78.43
